URL del enlace,Número de eventos,Usuarios activos
,9999,1422
https://migrimorio.etsy.com/listing/4508479973,7,3
https://www.buymeacoffee.com/laemperatriz,1,1
https://laemperatriztarot.gumroad.com/l/manifestando-abundancia,45,30
https://www.instagram.com/laemperatriztarologia?igsh=MnRkNXhiMnJ3dzA2&utm_source=qr,18,16
https://amzn.to/4icMBRZ,15,15
https://amzn.to/43AQ3zN,14,13
https://amzn.to/3M8NVsW,12,10
https://drive.google.com/file/d/1_CUZt0Of6FX-y6JEF2c3F-UmaiZu3zqG/view?usp=sharing,12,10
https://amzn.to/3KbN3mP,7,7
https://amzn.to/3MbOiD2,7,7
https://drive.google.com/file/d/13QaO5KD8RJRRz0hK-mUW2cGIwYgOuDJ_/view?usp=sharing,7,6
https://amzn.to/4q03Klh,5,5
https://pin.it/TyY5gl4dI,5,5
https://www.facebook.com/share/19jsLL6WnL/?mibextid=wwXIfr,6,5
https://amzn.to/3X4Xiwk,4,4
https://amzn.to/46OOP5I,4,4
https://amzn.to/4o5IIzA,5,4
https://t.me/laemperatriztarot,4,4
https://amzn.to/4h4r3qf,3,3
https://amzn.to/4oLyeq5,3,3
https://amzn.to/4se0GTy,3,3
https://drive.google.com/file/d/14QnOGeKygLJLySvd6LEG-aoeA3qXaYTL/view?usp=sharing,3,3
https://drive.google.com/file/d/1PfEVFN4V2p3-1D4GyWx77NrARv83eTb5/view?usp=drive_link,3,3
https://drive.google.com/file/d/1ckCpH-kL1QO0oFmbTR7UEDifXOA-Zfbh/view?usp=drive_link,3,3
https://drive.google.com/file/d/1zUfUYGB_6d1OwQcJ_Kx2UxNxRIc6kdhr/view?usp=sharing,3,3
https://migrimorio.etsy.com/listing/4360550481,66,60
http://www.laemperatriz.com/,3,2
https://amzn.to/48pbAOA,2,2
https://amzn.to/4lvHY79,2,2
https://amzn.to/4mXUa0A,2,2
https://amzn.to/4o2EXeG,2,2
https://amzn.to/4o3AzeM,2,2
https://amzn.to/4oJyEgN,2,2
https://drive.google.com/file/d/17RJf4qKJgG5GULv03GFYyX6i_Mmo3isC/view?usp=drive_link,3,2
https://drive.google.com/file/d/1HqzzP7HDfo-_KCX-6oOJJAJvvqmW7lEC/view?usp=sharing,2,2
https://drive.google.com/file/d/1HvA1exOzdQNqUI9SOBqJej7Wc9Ci5d36/view?usp=sharing,2,2
https://drive.google.com/file/d/1R0mNEy4_xGIiNsYcg-pE1whb64pUMNE3/view?usp=drive_link,3,2
https://hostinger.com/?REFERRALCODE=CUSALEXANJJX,2,2
https://www.threads.com/@laemperatriztarologia?igshid=NTc4MTIwNjQ2YQ==,2,2
https://www.tiktok.com/@laemperatriztarologia?_t=ZT-8zBMQkDYPot&_r=1,2,2
https://x.com/laemperatriztgy?s=21&t=57-BBhQHTvEjjA8yS2xZ_A,3,2
https://amzn.to/3NkTa9U,1,1
https://amzn.to/4iaxs3E,1,1
https://amzn.to/4lmsIt3,1,1
https://amzn.to/4rI9gsF,1,1
https://amzn.to/4s6auij,1,1
https://drive.google.com/file/d/1AkbvcQ_BvCrYueUAXNOnFC1dtV3PcZ58/view?usp=drive_link,1,1
https://drive.google.com/file/d/1FPE1hIFM5WsdoQMvZeayUGqc6jfkdqR_/view?usp=sharing,2,1
https://drive.google.com/file/d/1cNvweygHvyFBIvWsB3k8--SbkUtLSFXW/view?usp=drive_link,1,1
https://drive.google.com/file/d/1fZ78Z-ZoaZnaP87wL8bP0664xLuGcXn8/view?usp=drive_link,1,1
https://migrimorio.etsy.com/,58,41